,Ship Positions,Time Values,Time to Correct,Drift Time Values,Distances Without Correction,Distances Without Correction 2
0,350000,1,0.0011666666666666668,0.0011666678333333332,408.33333333333337,408.33374166666664
1,30240350000,86401,100.80233333333334,100.80243413566666,35280816.66666667,35280851.94748333
2,60480350000,172801,48.398833333333336,48.398881732166664,16939591.666666668,16939608.606258333
