,Ship Positions,Time Values,Time to Correct,Drift Time Values,Distances Without Correction,Distances Without Correction 2
0,350000,1,0.0023333333333333335,0.0023333356666666665,816.6666666666667,816.6674833333333
1,30240350000,86401,201.60233333333332,201.60253493566663,70560816.66666666,70560887.22748332
2,60480350000,172801,403.20233333333334,403.20273653566665,141120816.66666666,141120957.78748333
