,Ship Positions,Time Values,Time to Correct,Drift Time Values,Distances Without Correction,Distances Without Correction 2
0,350000,1,0.0011666666666666668,0.0011666678333333332,408.33333333333337,408.33374166666664
1,30240350000,86401,100.80116666666666,100.80126746783331,35280408.33333333,35280443.61374166
2,60480350000,172801,201.60116666666667,201.60136826783332,70560408.33333333,70560478.89374167
